R (Ohms),1000
C (Farads),0.001
Cutoff Frequency (Hz),0.159155

Time (s),Vc (V)
0,0
1,6.32121
2,8.64665
3,9.50213
4,9.81684
5,9.93262
